,CustomerId,KMEANS_AGG,KMEANS_AGG_PCA,KMEANS_AGG_MCA,KMEANS_AGG_UMAP
0,499920078,0,1,3,4
1,499920499,0,1,3,4
2,499921473,2,4,1,2
3,499921557,4,2,1,2
4,499921908,4,2,1,2
5,499922150,3,0,1,1
6,499922756,3,0,3,1
7,499923595,3,0,0,1
8,499924161,3,0,0,1
9,499924210,0,1,3,4
10,499924545,4,2,1,2
11,499924791,0,1,3,4
12,499925423,3,0,0,1
13,499925720,2,4,1,2
14,499926418,4,2,1,2
15,499926963,4,2,1,2
16,499927111,4,2,1,2
17,499927819,0,1,3,4
18,499929134,4,2,1,2
19,499929899,3,0,3,1
20,499930068,3,0,0,1
21,499930743,0,1,3,4
22,499930861,4,2,1,2
23,499931398,2,4,1,2
24,499932420,0,1,3,4
25,499932932,1,3,2,0
26,499933387,3,0,0,1
27,499933687,4,2,1,2
28,499934338,2,4,3,2
29,499935022,0,1,1,4
30,499935778,3,0,1,4
31,499935992,1,3,4,0
32,499942539,0,1,1,4
33,499951908,0,1,3,4
34,499968921,0,1,1,4
35,499968994,4,2,1,2
36,499969114,3,0,3,1
37,499969210,4,2,1,2
38,499969305,0,1,3,4
39,499970307,0,1,3,4
40,499970469,4,2,1,2
41,499970618,4,2,1,2
42,499970948,0,1,3,4
43,499970988,4,2,1,2
44,499971181,0,1,3,4
45,499971606,2,4,1,2
46,499971619,3,0,3,1
47,499972290,4,2,1,2
48,499972368,2,4,1,2
49,499972499,1,3,3,0
50,499972924,3,0,3,4
51,499975550,0,1,3,4
52,499976043,1,3,1,3
53,499976982,1,3,1,3
54,499977070,0,1,3,4
55,499977249,1,3,4,0
56,499984361,3,0,3,1
57,499985054,3,0,3,1
58,499986177,0,1,1,4
59,499986279,2,4,3,2
60,499986296,0,1,1,4
61,499986629,3,0,0,1
62,499986692,3,0,3,4
63,499988075,3,0,0,1
64,499988259,3,0,3,1
65,499988730,3,0,1,1
66,499990455,1,3,2,3
67,499993598,1,3,2,0
68,499994620,0,1,3,4
69,500009331,2,4,1,2
70,500009415,0,1,1,4
71,500009586,3,0,1,1
72,500009707,3,0,3,1
73,500009805,1,3,3,3
74,500009827,3,0,1,1
75,500009841,3,0,3,1
76,500009869,4,2,1,2
77,500009889,4,2,1,2
78,500009906,4,2,1,2
79,500010058,3,0,3,1
80,500010092,2,4,1,4
81,500010169,3,0,3,1
82,500010825,4,2,1,2
83,500011066,3,0,3,1
84,500011765,3,0,3,3
85,500011767,3,0,3,1
86,500011807,1,3,0,3
87,500011914,3,0,3,1
88,500012012,0,1,1,4
89,500012050,1,3,1,3
90,500012266,3,0,3,1
91,500012630,1,3,0,3
92,500013121,1,3,0,3
93,500013225,4,2,1,2
94,500013252,3,0,3,1
95,500013419,0,1,1,4
96,500013654,3,0,3,1
97,500014059,4,2,1,2
98,500014233,3,0,3,1
99,500014934,0,1,3,4
100,500015361,3,0,3,1
101,500015620,0,1,1,4
102,500015631,3,0,3,1
103,500016045,0,1,1,4
104,500016206,0,1,1,4
105,500016535,2,4,1,2
106,500016840,3,0,3,1
107,500017061,3,0,3,4
108,500017253,0,1,3,4
109,500017633,0,1,1,4
110,500017732,3,0,3,3
111,500017777,4,2,1,2
112,500018710,3,0,3,3
113,500019283,3,0,3,1
114,500019305,1,3,0,3
115,500020076,2,4,1,2
116,500020205,3,0,1,1
117,500020251,2,4,1,2
118,500020489,2,4,1,2
119,500020629,4,2,1,2
120,500020655,3,0,3,1
121,500020777,1,3,0,0
122,500020778,1,3,0,3
123,500020832,1,3,0,3
124,500020962,4,2,1,2
125,500021058,3,0,3,1
126,500021082,3,0,3,1
127,500021245,3,0,3,3
128,500021358,0,1,3,4
129,500021418,3,0,3,4
130,500021424,1,3,0,3
131,500021867,1,3,4,0
132,500022353,1,3,2,0
133,500022630,1,3,1,0
134,500022689,0,1,1,4
135,500023249,3,0,3,1
136,500023541,3,0,3,1
137,500023743,2,4,1,2
138,500023855,0,1,3,4
139,500023996,0,1,3,4
140,500024295,0,1,1,4
141,500024470,2,4,1,2
142,500024552,0,1,1,4
143,500024691,0,1,3,4
144,500025479,1,3,3,3
145,500025528,0,1,3,4
146,500025810,4,2,1,2
147,500026000,3,0,3,4
148,500026385,4,2,1,2
149,500026451,1,3,2,0
150,500026480,1,3,2,3
151,500027166,1,3,0,3
152,500027204,3,0,3,1
153,500027577,1,3,2,0
154,500027640,2,4,3,2
155,500027732,4,2,1,2
156,500028539,0,1,1,4
157,500028626,0,1,3,4
158,500028813,1,3,2,0
159,500029141,3,0,3,1
160,500029632,0,1,1,4
161,500029932,2,4,1,2
162,500029943,2,4,1,2
163,500030169,4,2,1,2
164,500030207,3,0,3,1
165,500030289,2,4,1,2
166,500030352,0,1,3,4
167,500030641,3,0,3,1
168,500030817,1,3,3,3
169,500031038,3,0,3,1
170,500031540,0,1,1,4
171,500032590,1,3,0,3
172,500032720,0,1,1,4
173,500032752,3,0,3,1
174,500032856,2,4,1,2
175,500032928,3,0,1,1
176,500033221,1,3,0,3
177,500033250,3,0,3,4
178,500033542,3,0,1,1
179,500034364,0,1,1,4
180,500034454,3,0,3,1
181,500035466,3,0,0,1
182,500035751,0,1,1,4
183,500036023,2,4,3,2
184,500036329,0,1,1,4
185,500036495,0,1,1,4
186,500036669,0,1,1,4
187,500036729,3,0,3,1
188,500036812,3,0,3,4
189,500037121,1,3,1,3
190,500037334,0,1,1,4
191,500037576,3,0,3,1
192,500038168,3,0,3,1
193,500038248,3,0,3,1
194,500038341,2,4,1,2
195,500038518,2,4,1,2
196,500038595,2,4,1,2
197,500038628,0,1,1,4
198,500038823,2,4,1,2
199,500038839,1,3,0,3
200,500039365,0,1,1,4
201,500039486,1,3,1,3
202,500039498,0,1,1,4
203,500039890,0,1,1,4
204,500039947,1,3,0,3
205,500039953,3,0,3,1
206,500039983,0,1,1,4
207,500040143,2,4,1,2
208,500040333,2,4,1,2
209,500040388,0,1,1,4
210,500041086,0,1,1,4
211,500041325,3,0,3,1
212,500042455,2,4,1,2
213,500042621,3,0,0,1
214,500042956,0,1,3,4
215,500043165,3,0,3,1
216,500043348,3,0,3,1
217,500043513,2,4,1,2
218,500043631,3,0,3,1
219,500044148,3,0,3,4
220,500044322,3,0,0,1
221,500045258,1,3,0,3
222,500045274,3,0,1,1
223,500045287,1,3,0,3
224,500045336,1,3,1,3
225,500045455,1,3,0,3
226,500045958,4,2,1,2
227,500046985,3,0,3,1
228,500047259,4,2,1,2
229,500047439,4,2,1,2
230,500047720,2,4,1,2
231,500048123,0,1,1,4
232,500048145,0,1,1,4
233,500048255,0,1,1,4
234,500048263,3,0,3,1
235,500048420,0,1,1,4
236,500048735,3,0,3,1
237,500048805,3,0,3,1
238,500048923,3,0,3,4
239,500049087,3,0,3,1
240,500050629,3,0,3,4
241,500052596,1,3,3,3
242,500054129,0,1,1,4
243,500054575,4,2,1,2
244,500054689,2,4,3,2
245,500054744,4,2,1,2
246,500056015,3,0,3,1
247,500056690,0,1,1,4
248,500056842,0,1,3,4
249,500057051,2,4,1,2
250,500057147,3,0,3,1
251,500057375,2,4,1,2
252,500057734,3,0,1,1
253,500057751,3,0,1,1
254,500058131,3,0,3,1
255,500058196,4,2,1,2
256,500058273,2,4,1,2
257,500059004,0,1,3,4
258,500059202,3,0,3,1
259,500059348,3,0,3,1
260,500060292,3,0,3,1
261,500060349,0,1,1,4
262,500060843,1,3,0,3
263,500060967,3,0,3,1
264,500061571,0,1,1,4
265,500061731,4,2,1,2
266,500061976,2,4,1,2
267,500062013,4,2,1,2
268,500062485,2,4,1,2
269,500062719,3,0,1,1
270,500062726,3,0,3,1
271,500063467,3,0,3,1
272,500063557,1,3,2,0
273,500063629,3,0,3,4
274,500063669,3,0,1,1
275,500063703,3,0,1,4
276,500064087,0,1,1,4
277,500065978,3,0,0,1
278,500066201,0,1,1,4
279,500067313,3,0,3,1
280,500067319,1,3,0,3
281,500067426,1,3,2,0
282,500067449,1,3,1,3
283,500067900,2,4,1,2
284,500068697,1,3,1,3
285,500068722,3,0,3,1
286,500069651,3,0,0,3
287,500069953,0,1,1,4
288,500070119,2,4,1,2
289,500070138,0,1,1,4
290,500071637,2,4,1,4
291,500071804,3,0,3,4
292,500072290,3,0,3,1
293,500072658,3,0,3,1
294,500072781,1,3,2,3
295,500073052,1,3,0,0
296,500073141,0,1,1,4
297,500073793,3,0,1,1
298,500073950,0,1,1,4
299,500073955,0,1,3,4
300,500074139,1,3,2,3
301,500074210,0,1,3,4
302,500074831,0,1,3,4
303,500075448,1,3,2,0
304,500075683,1,3,1,3
305,500075897,0,1,1,4
306,500076281,2,4,1,2
307,500076757,4,2,1,2
308,500076939,0,1,1,4
309,500077580,1,3,0,3
310,500078393,0,1,1,4
311,500079205,1,3,2,0
312,500079430,1,3,3,3
313,500079710,2,4,1,2
314,500080098,0,1,1,4
315,500080787,1,3,3,3
316,500081028,1,3,0,3
317,500081372,1,3,3,3
318,500082227,3,0,1,1
319,500082417,1,3,0,3
320,500083888,4,2,1,2
321,500084135,4,2,1,2
322,500086007,0,1,1,4
323,500087283,0,1,3,4
324,500087926,0,1,3,4
325,500087991,3,0,0,1
326,500089016,3,0,3,1
327,500089942,3,0,0,3
328,500090078,2,4,1,2
329,500090839,2,4,1,2
330,500091885,1,3,0,3
331,500092141,3,0,0,3
332,500092268,1,3,0,0
333,500092595,3,0,3,1
334,500092768,3,0,0,3
335,500092777,3,0,3,1
336,500093017,3,0,3,1
337,500093375,2,4,1,2
338,500094369,1,3,0,0
339,500094473,4,2,1,2
340,500094553,0,1,1,4
341,500094785,1,3,3,3
342,500094952,0,1,1,4
343,500094978,1,3,2,3
344,500095002,1,3,2,0
345,500095209,3,0,3,1
346,500095381,1,3,2,0
347,500096129,1,3,3,3
348,500096217,4,2,1,2
349,500096366,0,1,1,4
350,500097058,2,4,1,2
351,500097087,3,0,3,1
352,500098502,3,0,3,1
353,500098935,2,4,1,2
354,500099417,1,3,3,3
355,500099470,2,4,1,2
356,500099506,0,1,1,4
357,500099734,3,0,1,4
358,500100502,3,0,3,4
359,500100511,2,4,1,2
360,500101080,3,0,1,1
361,500101560,3,0,3,1
362,500101928,0,1,1,4
363,500102106,0,1,3,4
364,500102422,4,2,1,2
365,500102470,1,3,3,3
366,500102641,0,1,1,4
367,500102663,3,0,3,1
368,500102766,0,1,1,4
369,500102792,1,3,0,3
370,500102802,3,0,3,1
371,500102819,3,0,0,1
372,500102914,3,0,3,4
373,500103577,0,1,3,4
374,500103626,1,3,4,0
375,500103720,0,1,1,4
376,500104284,2,4,1,2
377,500104498,4,2,1,2
378,500104639,2,4,1,2
379,500105055,1,3,0,3
380,500105123,1,3,0,3
381,500105703,0,1,1,4
382,500105759,0,1,1,4
383,500105878,4,2,1,2
384,500106086,3,0,0,3
385,500106537,0,1,3,4
386,500106661,0,1,1,4
387,500107254,4,2,1,2
388,500107639,2,4,1,2
389,500107711,0,1,1,4
390,500108020,2,4,1,2
391,500108979,2,4,1,2
392,500110801,3,0,1,1
393,500110833,2,4,1,2
394,500110957,2,4,1,2
395,500111117,0,1,1,4
396,500111630,0,1,1,4
397,500112140,2,4,1,2
398,500112390,0,1,1,4
399,500112466,3,0,1,1
400,500112506,4,2,1,2
401,500113090,0,1,1,4
402,500113303,4,2,1,2
403,500113488,0,1,1,4
404,500113652,1,3,0,3
405,500113779,1,3,1,3
406,500113827,1,3,2,0
407,500113961,1,3,3,3
408,500114223,0,1,3,4
409,500114410,1,3,2,3
410,500115028,0,1,1,4
411,500115173,3,0,3,1
412,500115183,1,3,0,3
413,500115417,1,3,2,0
414,500115586,3,0,3,1
415,500115786,4,2,1,2
416,500116263,1,3,2,0
417,500117060,3,0,1,1
418,500117402,0,1,1,4
419,500117452,0,1,1,4
420,500117678,1,3,1,3
421,500118167,4,2,1,2
422,500118483,1,3,0,3
423,500118618,2,4,1,2
424,500118938,0,1,1,4
425,500118955,0,1,1,4
426,500119772,3,0,1,1
427,500119813,0,1,1,4
428,500120170,3,0,1,4
429,500120539,0,1,1,4
430,500120799,1,3,3,3
431,500120816,2,4,1,2
432,500121382,1,3,2,0
433,500121809,4,2,1,2
434,500121986,3,0,1,1
435,500122050,0,1,1,4
436,500122254,3,0,3,1
437,500123203,3,0,3,1
438,500123843,0,1,1,4
439,500125174,3,0,3,1
440,500125928,3,0,3,1
441,500127002,2,4,1,2
442,500127035,4,2,3,2
443,500127300,3,0,1,1
444,500128314,3,0,3,1
445,500128752,3,0,0,1
446,500129171,1,3,3,3
447,500130475,3,0,0,1
448,500130513,3,0,0,1
449,500130518,3,0,3,1
450,500130622,3,0,1,1
451,500130625,2,4,1,2
452,500130663,1,3,2,3
453,500131939,1,3,3,3
454,500132162,3,0,3,1
455,500132398,2,4,3,2
456,500132735,3,0,0,1
457,500133214,0,1,3,4
458,500133381,0,1,3,4
459,500133872,1,3,2,3
460,500134137,1,3,2,3
461,500134944,1,3,0,0
462,500135151,1,3,0,3
463,500135927,3,0,0,1
464,500136588,1,3,0,3
465,500137161,2,4,3,2
466,500137585,2,4,3,2
467,500138060,2,4,3,2
468,500138312,3,0,3,1
469,500138313,1,3,0,0
470,500138427,0,1,0,4
471,500138638,3,0,0,1
472,500140325,2,4,3,2
473,500140403,0,1,0,4
474,500141231,2,4,0,4
475,500141367,1,3,2,0
476,500142000,1,3,4,0
477,500142020,3,0,0,4
478,500142095,0,1,3,4
479,500142124,1,3,3,3
480,500142356,4,2,1,2
481,500142689,0,1,3,4
482,500142691,3,0,0,1
483,500142741,0,1,3,4
484,500144250,4,2,3,2
485,500144318,1,3,2,0
486,500144510,1,3,2,0
487,500144687,3,0,3,4
488,500144816,3,0,3,1
489,500145705,2,4,3,2
490,500145720,0,1,0,4
491,500146746,0,1,3,4
492,500146813,2,4,3,2
493,500147119,0,1,3,4
494,500147156,3,0,0,4
495,500147439,4,2,3,2
496,500147451,2,4,3,4
497,500147543,3,0,3,1
498,500147703,4,2,3,2
499,500148047,3,0,0,1
500,500148129,2,4,3,4
501,500149619,0,1,2,4
502,500150454,0,1,3,4
503,500150958,0,1,0,4
504,500151576,0,1,0,4
505,500152659,1,3,4,0
506,500152875,1,3,4,0
507,500152912,1,3,4,0
508,500153868,4,2,1,2
509,500154066,0,1,3,4
510,500154311,2,4,3,2
511,500154955,0,1,0,4
512,500155197,2,4,3,2
513,500155476,2,4,3,2
514,500155887,0,1,3,4
515,500156271,1,3,0,3
516,500156774,3,0,0,3
517,500156962,0,1,0,4
518,500157125,3,0,3,4
519,500157314,1,3,1,3
520,500157871,0,1,0,4
521,500157933,4,2,3,2
522,500158490,3,0,0,3
523,500158840,1,3,2,3
524,500159620,3,0,3,4
525,500160173,2,4,3,2
526,500160639,0,1,3,4
527,500161643,3,0,0,1
528,500161817,2,4,3,2
529,500161828,0,1,0,4
530,500162179,0,1,3,4
531,500162235,3,0,0,1
532,500162458,0,1,1,4
533,500162777,1,3,2,3
534,500162917,0,1,3,4
535,500163539,2,4,3,2
536,500163727,3,0,0,1
537,500163731,3,0,3,1
538,500164224,0,1,3,4
539,500164364,3,0,0,4
540,500164401,1,3,0,3
541,500164813,3,0,3,1
542,500165341,2,4,3,2
543,500165446,0,1,3,4
544,500165802,3,0,3,4
545,500165811,1,3,3,3
546,500166230,2,4,3,2
547,500166808,3,0,3,1
548,500166811,4,2,0,2
549,500166950,1,3,3,3
550,500167148,0,1,3,4
551,500167680,0,1,3,4
552,500168040,3,0,0,4
553,500168875,3,0,0,1
554,500168971,0,1,3,4
555,500169347,2,4,3,4
556,500169456,3,0,3,1
557,500169517,3,0,0,4
558,500169642,3,0,2,4
559,500169939,2,4,0,2
560,500170161,1,3,4,0
561,500170213,2,4,3,4
562,500170247,1,3,2,0
563,500170340,3,0,0,1
564,500170368,3,0,0,1
565,500170889,3,0,3,4
566,500170972,1,3,3,3
567,500171374,1,3,2,3
568,500171694,1,3,0,3
569,500171753,1,3,2,0
570,500171867,0,1,3,4
571,500171966,1,3,0,3
572,500172038,0,1,1,4
573,500172065,0,1,3,4
574,500172099,3,0,1,1
575,500172998,4,2,3,2
576,500173100,1,3,0,3
577,500173355,4,2,1,2
578,500173842,3,0,3,1
579,500173847,1,3,0,3
580,500173894,4,2,0,2
581,500174028,1,3,1,3
582,500174639,0,1,1,4
583,500174728,2,4,1,2
584,500174922,3,0,3,1
585,500175287,1,3,0,3
586,500175444,3,0,3,4
587,500175627,0,1,3,4
588,500175641,2,4,3,2
589,500176007,2,4,3,2
590,500176185,3,0,3,1
591,500176698,3,0,0,4
592,500177026,2,4,3,2
593,500177404,1,3,3,3
594,500177535,0,1,3,4
595,500178468,4,2,1,2
596,500178764,0,1,3,4
597,500179154,2,4,1,2
598,500179509,3,0,1,1
599,500179630,2,4,1,2
600,500179810,0,1,1,4
601,500180311,3,0,1,1
602,500180460,2,4,3,2
603,500180528,1,3,0,3
604,500180624,4,2,1,2
605,500181090,1,3,3,3
606,500181727,0,1,3,4
607,500182617,3,0,3,3
608,500182815,3,0,3,4
609,500183093,4,2,3,2
610,500183928,1,3,1,3
611,500184158,4,2,1,2
612,500184232,0,1,3,4
613,500184468,0,1,1,4
614,500184727,1,3,3,3
615,500184742,3,0,3,1
616,500185074,1,3,0,0
617,500185123,2,4,1,2
618,500185417,0,1,3,4
619,500185631,3,0,3,1
620,500185664,1,3,1,3
621,500186268,0,1,1,4
622,500186283,1,3,3,3
623,500187264,2,4,1,2
624,500187342,3,0,3,1
625,500187410,0,1,1,4
626,500187511,3,0,3,1
627,500187779,1,3,0,3
628,500187800,3,0,1,1
629,500188055,3,0,1,1
630,500189100,3,0,1,1
631,500189460,0,1,1,4
632,500189842,1,3,3,0
633,500190103,4,2,1,2
634,500190423,1,3,3,3
635,500190499,3,0,3,1
636,500190921,3,0,3,1
637,500191167,1,3,0,0
638,500191368,0,1,3,4
639,500191897,1,3,1,0
640,500192457,4,2,1,2
641,500192581,1,3,1,3
642,500192652,4,2,1,2
643,500192969,3,0,1,4
644,500193984,3,0,3,1
645,500194749,3,0,3,1
646,500195244,4,2,1,2
647,500195599,2,4,1,2
648,500195740,1,3,4,0
649,500195819,1,3,0,3
650,500196332,4,2,1,2
651,500197629,1,3,0,3
652,500197742,1,3,2,3
653,500198185,3,0,3,1
654,500198208,3,0,3,1
655,500198236,0,1,3,4
656,500198518,0,1,1,4
657,500199186,3,0,1,1
658,500199251,3,0,1,1
659,500199579,3,0,3,1
660,500199715,1,3,1,3
661,500199956,1,3,0,3
662,500200200,1,3,0,3
663,500200611,1,3,0,3
664,500200635,2,4,1,2
665,500201047,3,0,3,4
666,500201402,1,3,0,0
667,500201713,3,0,3,1
668,500201775,1,3,0,0
669,500202181,0,1,3,4
670,500204163,2,4,1,2
671,500204478,0,1,3,4
672,500206198,2,4,3,2
673,500206841,1,3,0,3
674,500208275,3,0,3,1
675,500209098,1,3,2,3
676,500209535,0,1,1,4
677,500218657,1,3,0,3
678,500219745,2,4,1,2
679,500225944,1,3,2,0
680,500231250,3,0,3,4
681,500231459,0,1,3,4
682,500231480,0,1,1,4
683,500231581,3,0,0,1
684,500232078,1,3,0,3
685,500234288,3,0,3,1
686,500237779,3,0,0,1
687,500239096,1,3,2,3
688,500240170,1,3,3,3
689,500241884,1,3,1,3
690,500245270,1,3,1,0
691,500246519,1,3,1,0
692,500249812,1,3,1,0
693,500263681,3,0,3,1
694,500264123,1,3,0,3
695,500264219,0,1,1,4
696,500264749,2,4,1,2
697,500265338,0,1,3,4
698,500265665,4,2,1,2
699,500265792,1,3,0,0
700,500265982,3,0,3,1
701,500266520,1,3,3,3
702,500266521,1,3,3,3
703,500266548,1,3,0,0
704,500266787,1,3,0,3
705,500267153,2,4,1,2
706,500268784,3,0,1,1
707,500269071,0,1,1,4
708,500269100,3,0,3,1
709,500269146,3,0,3,1
710,500269308,3,0,3,1
711,500270414,0,1,1,4
712,500270761,2,4,1,2
713,500270889,1,3,0,3
714,500271319,3,0,3,1
715,500271798,1,3,3,3
716,500272497,1,3,0,3
717,500272678,1,3,0,3
718,500272801,3,0,3,1
719,500272928,0,1,1,4
720,500273438,3,0,3,1
721,500273971,3,0,3,1
722,500274247,2,4,3,2
723,500274693,0,1,1,4
724,500274755,0,1,3,4
725,500274887,3,0,3,1
726,500274996,3,0,3,1
727,500275043,1,3,0,3
728,500275076,1,3,3,3
729,500275219,3,0,1,1
730,500276010,4,2,3,2
731,500276333,0,1,3,4
732,500276626,3,0,1,1
733,500276660,0,1,3,4
734,500277639,2,4,3,2
735,500277813,2,4,3,2
736,500277850,3,0,3,1
737,500278469,2,4,1,4
738,500278929,0,1,3,4
739,500279118,2,4,1,2
740,500279148,0,1,3,4
741,500279513,1,3,0,3
742,500279581,1,3,0,3
743,500279635,0,1,1,4
744,500279887,3,0,1,1
745,500280063,4,2,1,2
746,500280407,1,3,0,0
747,500280672,0,1,3,4
748,500280678,2,4,1,2
749,500281024,2,4,1,2
750,500281490,4,2,1,2
751,500281625,2,4,1,2
752,500281874,0,1,3,4
753,500281876,2,4,3,4
754,500281990,3,0,3,1
755,500282153,2,4,1,2
756,500282296,0,1,1,4
757,500282347,1,3,2,0
758,500282436,1,3,2,0
759,500282539,3,0,3,1
760,500283229,0,1,3,4
761,500283413,4,2,1,2
762,500283560,2,4,1,2
763,500283971,4,2,1,2
764,500284581,1,3,0,3
765,500284629,2,4,1,2
766,500285250,4,2,1,2
767,500285488,2,4,3,2
768,500285638,3,0,0,1
769,500285783,4,2,1,2
770,500285814,2,4,1,2
771,500285877,0,1,1,4
772,500286011,3,0,3,4
773,500286253,4,2,1,2
774,500286312,4,2,1,2
775,500287119,0,1,3,4
776,500287507,4,2,1,2
777,500288265,2,4,1,2
778,500288448,1,3,0,3
779,500289041,2,4,3,2
780,500289406,1,3,0,3
781,500289511,0,1,3,4
782,500289691,4,2,1,2
783,500290001,3,0,3,1
784,500290315,2,4,1,2
785,500290324,1,3,2,0
786,500291003,1,3,3,3
787,500291163,3,0,1,4
788,500291823,3,0,3,1
789,500292317,0,1,1,4
790,500292959,3,0,1,1
791,500294103,3,0,0,1
792,500296173,2,4,1,2
793,500296185,2,4,3,2
794,500296481,2,4,1,2
795,500296593,3,0,3,1
796,500296796,2,4,1,2
797,500297018,4,2,1,2
798,500297058,2,4,1,2
799,500297145,3,0,3,4
800,500297667,2,4,3,2
801,500297679,1,3,2,0
802,500298416,1,3,0,3
803,500298804,1,3,2,0
804,500298849,2,4,1,2
805,500299133,1,3,4,0
806,500299208,2,4,1,2
807,500299266,2,4,1,2
808,500299362,0,1,3,4
809,500299400,3,0,0,1
810,500299411,2,4,1,2
811,500299466,2,4,1,2
812,500299605,1,3,2,0
813,500299674,2,4,1,2
814,500301199,2,4,1,2
815,500301247,3,0,1,1
816,500301851,0,1,3,4
817,500302001,0,1,1,4
818,500303387,0,1,1,4
819,500303456,2,4,3,2
820,500303518,0,1,1,4
821,500303812,0,1,1,4
822,500304259,3,0,0,1
823,500304613,3,0,1,1
824,500305177,0,1,1,4
825,500305263,2,4,1,2
826,500305439,3,0,1,1
827,500305920,0,1,1,4
828,500307038,3,0,3,1
829,500309263,0,1,1,4
830,500309604,3,0,0,4
831,500310330,3,0,1,3
832,500310509,1,3,0,3
833,500310652,2,4,1,2
834,500311144,1,3,2,3
835,500317242,1,3,1,0
836,500317673,1,3,0,3
837,500321639,3,0,3,1
838,500322215,1,3,0,3
839,500323363,1,3,3,3
840,500325371,0,1,1,4
841,500328224,4,2,1,2
842,500330022,3,0,1,1
843,500330393,2,4,1,2
844,500330466,1,3,3,3
845,500331101,3,0,3,1
846,500331543,1,3,1,3
847,500331888,1,3,2,0
848,500332115,1,3,2,0
849,500356300,1,3,4,0
850,500359721,0,1,3,4
851,500360681,3,0,3,1
852,500360703,1,3,1,3
853,500360871,1,3,0,3
854,500364071,2,4,1,2
855,500364284,0,1,3,4
856,500364807,1,3,0,3
857,500364954,4,2,3,2
858,500365000,4,2,1,2
859,500365133,4,2,1,2
860,500365148,2,4,3,2
861,500366267,0,1,3,4
862,500366968,0,1,3,4
863,500367074,2,4,1,2
864,500367841,0,1,3,4
865,500367915,0,1,3,4
866,500368366,3,0,0,1
867,500368644,4,2,3,2
868,500368882,1,3,2,3
869,500368898,0,1,3,4
870,500369017,2,4,3,2
871,500369040,0,1,3,4
872,500369718,1,3,0,3
873,500369949,2,4,1,2
874,500370539,3,0,0,1
875,500370674,3,0,3,4
876,500370772,2,4,3,2
877,500370796,0,1,3,4
878,500370908,0,1,3,4
879,500370987,0,1,3,4
880,500371130,3,0,3,4
881,500371223,3,0,3,1
882,500371461,4,2,1,2
883,500371573,2,4,1,2
884,500371597,1,3,0,3
885,500371632,3,0,3,1
886,500371839,0,1,3,4
887,500372000,0,1,3,4
888,500372038,3,0,3,1
889,500372056,3,0,3,4
890,500372086,3,0,3,1
891,500372166,0,1,3,4
892,500372248,1,3,0,3
893,500372308,3,0,0,1
894,500372343,2,4,3,2
895,500372344,0,1,3,4
896,500372642,1,3,1,3
897,500372717,0,1,3,4
898,500373136,1,3,3,3
899,500373284,2,4,1,2
900,500374143,1,3,3,3
901,500374173,3,0,3,3
902,500374550,2,4,1,2
903,500375296,2,4,3,2
904,500375547,2,4,1,2
905,500375990,0,1,3,4
906,500376040,3,0,3,1
907,500376223,3,0,3,1
908,500376483,3,0,0,1
909,500376690,4,2,1,2
910,500377295,2,4,3,2
911,500377319,3,0,0,1
912,500378763,1,3,0,3
913,500378955,2,4,1,2
914,500379233,2,4,3,2
915,500380078,3,0,3,1
916,500380347,3,0,3,1
917,500380868,2,4,3,2
918,500381332,2,4,1,2
919,500381807,4,2,1,2
920,500381984,2,4,1,2
921,500382055,3,0,3,1
922,500382922,3,0,3,1
923,500383013,3,0,3,1
924,500383198,2,4,3,2
925,500383879,3,0,3,1
926,500384254,0,1,3,4
927,500384259,2,4,3,4
928,500384361,0,1,0,4
929,500384490,2,4,1,2
930,500384611,0,1,1,4
931,500385082,4,2,1,2
932,500385169,3,0,3,1
933,500385235,3,0,1,1
934,500385876,0,1,1,4
935,500386137,4,2,1,2
936,500386274,3,0,3,4
937,500386919,3,0,3,1
938,500387137,0,1,1,4
939,500387353,4,2,1,2
940,500387649,2,4,1,2
941,500387838,2,4,3,2
942,500387864,3,0,0,1
943,500387953,3,0,3,1
944,500387966,3,0,0,1
945,500388201,3,0,1,1
946,500388203,0,1,1,4
947,500389134,0,1,3,4
948,500389643,0,1,3,4
949,500389832,3,0,3,1
950,500390171,4,2,1,2
951,500390188,2,4,1,2
952,500391060,2,4,1,2
953,500391069,0,1,3,4
954,500391150,0,1,3,4
955,500391223,2,4,1,4
956,500391677,1,3,3,3
957,500391961,3,0,0,1
958,500392017,3,0,3,1
959,500392180,3,0,1,1
960,500392434,0,1,3,4
961,500392961,0,1,3,4
962,500393418,2,4,3,2
963,500393635,1,3,3,3
964,500393698,2,4,1,2
965,500393837,3,0,3,1
966,500393864,0,1,3,4
967,500394128,2,4,1,2
968,500394139,3,0,3,1
969,500394849,4,2,1,2
970,500394868,0,1,3,4
971,500394928,0,1,3,4
972,500395024,0,1,3,4
973,500395050,2,4,3,2
974,500395070,0,1,3,4
975,500395419,0,1,3,4
976,500395520,0,1,3,4
977,500395661,0,1,3,4
978,500395756,1,3,3,3
979,500395875,3,0,3,1
980,500395953,0,1,3,4
981,500395954,1,3,4,0
982,500396293,3,0,0,3
983,500396352,2,4,3,2
984,500396853,3,0,3,1
985,500397142,4,2,1,2
986,500397212,2,4,3,2
987,500397246,2,4,3,2
988,500397364,2,4,3,2
989,500397497,2,4,3,2
990,500398021,2,4,3,2
991,500398979,2,4,1,2
992,500399389,1,3,1,3
993,500399465,4,2,3,2
994,500399502,3,0,3,1
995,500399678,2,4,3,2
996,500400184,0,1,3,4
997,500400433,3,0,0,1
998,500400448,0,1,3,4
999,500400496,2,4,3,2
1000,500400873,0,1,3,4
1001,500400939,0,1,3,4
1002,500401203,2,4,3,2
1003,500401772,0,1,3,4
1004,500402670,0,1,3,4
1005,500403235,3,0,3,4
1006,500403317,3,0,3,1
1007,500403481,0,1,1,4
1008,500403661,3,0,3,1
1009,500403853,0,1,3,4
1010,500403867,1,3,3,3
1011,500403950,4,2,1,2
1012,500404396,1,3,3,3
1013,500404484,1,3,0,3
1014,500404686,3,0,3,1
1015,500405224,2,4,1,2
1016,500405554,1,3,2,3
1017,500405749,3,0,0,1
1018,500405797,0,1,3,4
1019,500406254,0,1,3,4
1020,500406413,0,1,1,4
1021,500406456,3,0,1,1
1022,500406854,3,0,1,1
1023,500407033,2,4,1,2
1024,500408786,0,1,3,4
1025,500408947,2,4,1,2
1026,500409090,3,0,3,1
1027,500410039,1,3,0,3
1028,500410332,4,2,1,2
1029,500410606,3,0,3,1
1030,500410665,1,3,0,3
1031,500410888,3,0,3,1
1032,500411073,3,0,3,1
1033,500411236,0,1,3,4
1034,500411311,3,0,3,1
1035,500411436,0,1,1,4
1036,500411573,3,0,3,1
1037,500411687,1,3,0,3
1038,500411689,0,1,3,4
1039,500411797,3,0,1,1
1040,500411865,3,0,0,1
1041,500412037,3,0,1,1
1042,500412129,4,2,1,2
1043,500412410,4,2,1,2
1044,500412669,2,4,1,2
1045,500412671,2,4,1,2
1046,500413147,3,0,0,3
1047,500413264,0,1,3,4
1048,500413393,4,2,1,2
1049,500413410,1,3,0,3
1050,500414039,4,2,1,2
1051,500414203,0,1,1,4
1052,500414323,3,0,3,4
1053,500415649,3,0,3,1
1054,500415702,3,0,3,1
1055,500415904,3,0,0,1
1056,500416139,3,0,3,4
1057,500416965,0,1,3,4
1058,500417236,2,4,3,2
1059,500417422,0,1,3,4
1060,500417619,4,2,1,2
1061,500417962,2,4,3,2
1062,500417987,2,4,3,2
1063,500418396,4,2,1,2
1064,500418452,4,2,3,2
1065,500418611,4,2,1,2
1066,500418871,2,4,3,2
1067,500418891,0,1,3,4
1068,500420690,2,4,3,2
1069,500420983,2,4,3,2
1070,500421024,2,4,3,2
1071,500421357,1,3,3,3
1072,500421581,3,0,0,1
1073,500421952,0,1,3,4
1074,500422058,0,1,3,4
1075,500422474,2,4,1,2
1076,500422540,0,1,3,4
1077,500422684,1,3,0,3
1078,500423123,3,0,0,1
1079,500423341,0,1,3,4
1080,500423988,3,0,0,1
1081,500424196,4,2,1,2
1082,500424251,0,1,3,4
1083,500424558,3,0,3,4
1084,500424906,2,4,3,2
1085,500425086,2,4,1,2
1086,500425231,2,4,3,2
1087,500425440,1,3,2,3
1088,500425489,2,4,3,2
1089,500425662,0,1,3,4
1090,500426020,3,0,0,4
1091,500426480,4,2,3,2
1092,500427105,4,2,3,2
1093,500427271,4,2,1,2
1094,500427307,0,1,3,4
1095,500427713,3,0,3,1
1096,500428096,3,0,0,1
1097,500428282,0,1,3,4
1098,500428552,1,3,0,3
1099,500428680,0,1,3,4
1100,500428681,2,4,3,2
1101,500428760,0,1,0,4
1102,500429814,3,0,3,4
1103,500429998,2,4,1,2
1104,500430120,2,4,1,2
1105,500430793,3,0,3,4
1106,500431136,3,0,3,1
1107,500431873,1,3,1,0
1108,500439547,4,2,1,2
1109,500440905,0,1,3,4
1110,500441936,1,3,3,0
1111,500462524,1,3,2,3
1112,500484900,0,1,3,4
1113,500484995,2,4,3,4
1114,500485859,1,3,1,3
1115,500485967,1,3,0,0
1116,500486894,1,3,1,3
1117,500487257,0,1,3,4
1118,500488545,3,0,3,3
1119,500488633,0,1,1,4
1120,500488735,0,1,1,4
1121,500489226,3,0,3,1
1122,500499728,2,4,1,2
1123,500500056,3,0,0,1
1124,500501373,3,0,1,1
1125,500501824,0,1,1,4
1126,500502514,3,0,3,1
1127,500502931,3,0,1,1
1128,500503189,1,3,2,3
1129,500503983,0,1,0,4
1130,500504590,2,4,1,2
1131,500504713,0,1,3,4
1132,500505260,3,0,1,1
1133,500505850,1,3,2,0
1134,500506967,3,0,1,1
1135,500506968,0,1,1,4
1136,500507389,0,1,1,4
1137,500509918,1,3,0,0
1138,500510076,3,0,0,4
1139,500510097,4,2,3,2
1140,500510364,0,1,3,4
1141,500510580,0,1,0,4
1142,500510684,3,0,3,1
1143,500512111,1,3,1,3
1144,500512142,2,4,3,2
1145,500512694,2,4,1,2
1146,500513051,1,3,0,3
1147,500513088,0,1,1,4
1148,500515746,2,4,1,2
1149,500516731,1,3,0,3
1150,500517459,1,3,3,3
1151,500518695,1,3,0,3
1152,500519380,3,0,0,1
1153,500519516,4,2,1,2
1154,500520062,3,0,1,1
1155,500520501,0,1,1,4
1156,500521445,3,0,3,1
1157,500523446,3,0,3,4
1158,500525144,3,0,1,4
1159,500525771,1,3,3,0
1160,500527315,0,1,1,4
1161,500527358,1,3,0,3
1162,500528091,3,0,0,1
1163,500530279,2,4,1,2
1164,500532523,3,0,3,4
1165,500533246,1,3,3,3
1166,500534182,0,1,1,4
1167,500536555,4,2,1,2
1168,500538016,1,3,0,3
1169,500538035,3,0,1,1
1170,500538597,3,0,3,1
1171,500539069,2,4,1,2
1172,500542907,1,3,0,3
1173,500543045,0,1,1,4
1174,500543289,2,4,1,2
1175,500544348,2,4,1,2
1176,500545120,1,3,2,3
1177,500545447,3,0,1,1
1178,509930806,3,0,3,4
1179,509931247,2,4,1,2
1180,509948623,3,0,3,1
1181,509949284,3,0,0,1
1182,509956588,1,3,1,0
1183,509973146,1,3,1,0
1184,509977554,2,4,1,2
1185,509977663,3,0,0,1
1186,509977759,2,4,3,2
1187,509986264,1,3,0,3
1188,509991089,1,3,2,0
1189,509991572,1,3,0,3
1190,509992976,0,1,3,4
1191,510012757,3,0,0,1
1192,510013938,0,1,3,4
1193,510014086,3,0,3,1
1194,510014281,3,0,1,1
1195,510015979,2,4,3,2
1196,510017200,2,4,1,2
1197,510017678,2,4,1,2
1198,510017784,4,2,1,2
1199,510020260,1,3,0,0
1200,510020475,1,3,4,0
1201,510021082,1,3,0,0
1202,510024943,2,4,3,2
1203,510026689,2,4,1,4
1204,510029363,1,3,0,3
1205,510029506,3,0,1,1
1206,510029761,1,3,1,0
1207,510029773,2,4,1,2
1208,510039682,1,3,3,3
1209,510042315,0,1,3,4
1210,510050433,1,3,4,0
1211,510057819,1,3,1,0
1212,510063231,3,0,3,1
1213,510066120,2,4,1,2
1214,510066500,3,0,3,1
1215,510066731,3,0,3,1
1216,510068556,1,3,2,0
1217,510068625,1,3,4,0
1218,510068733,3,0,3,1
1219,510069118,3,0,1,1
1220,510071441,2,4,1,2
1221,510071620,1,3,3,3
1222,510079411,3,0,3,1
1223,510079613,2,4,1,2
1224,510079783,1,3,3,3
1225,510080351,2,4,1,2
1226,510081982,3,0,0,1
1227,510082378,1,3,2,0
1228,510082472,1,3,0,3
1229,510083104,1,3,3,3
1230,510084849,3,0,0,1
1231,510087710,3,0,0,1
1232,510087726,1,3,4,0
1233,510088446,3,0,0,1
1234,510089641,1,3,3,3
1235,510090438,3,0,1,4
1236,510091856,2,4,1,2
1237,510092801,2,4,1,2
1238,510093104,1,3,4,0
1239,510094222,3,0,1,3
1240,510094381,3,0,1,4
1241,510094827,1,3,1,0
1242,510095163,0,1,1,4
1243,510095402,3,0,1,1
1244,510095520,3,0,1,1
1245,510095645,3,0,1,1
1246,510097717,2,4,1,2
1247,510099928,1,3,0,0
1248,510100589,1,3,0,3
1249,510101349,4,2,1,2
1250,510103288,3,0,0,1
1251,510103307,1,3,4,0
1252,510103919,3,0,1,1
1253,510105542,0,1,1,4
1254,510107783,4,2,1,2
1255,510108397,2,4,1,4
1256,510108495,1,3,0,3
1257,510110850,1,3,0,3
1258,510111062,1,3,2,3
1259,510112515,3,0,1,1
1260,510115556,1,3,3,3
1261,510115930,4,2,1,2
1262,510117049,1,3,1,0
1263,510118796,0,1,1,4
1264,510119456,1,3,0,3
1265,510120548,0,1,1,4
1266,510127713,1,3,1,0
1267,510130088,2,4,1,2
1268,510130928,0,1,1,4
1269,510131485,1,3,0,3
1270,510131669,1,3,0,3
1271,510132476,0,1,1,4
1272,510133557,3,0,1,1
1273,510133617,1,3,2,0
1274,510133669,1,3,4,0
1275,510133975,1,3,0,3
1276,510134018,1,3,2,0
1277,510139917,1,3,0,0
1278,510140124,2,4,1,2
1279,510142853,1,3,2,0
1280,510143961,1,3,2,3
1281,510146662,3,0,3,1
1282,510149420,0,1,3,4
1283,510149628,0,1,1,4
1284,510150699,0,1,1,4
1285,510151330,3,0,3,1
1286,510151580,3,0,0,1
1287,510151625,0,1,1,4
1288,510151781,3,0,0,1
1289,510155574,3,0,0,1
1290,510168376,2,4,3,2
1291,510172661,2,4,1,2
1292,510174062,3,0,0,1
1293,510174242,3,0,2,1
1294,510178223,1,3,4,0
1295,510178430,1,3,0,3
1296,510184407,3,0,3,1
1297,510189919,2,4,3,2
1298,510191528,1,3,0,3
1299,510192423,0,1,3,4
1300,510194499,1,3,2,0
1301,510202436,1,3,1,0
1302,510205993,3,0,1,1
1303,510207194,1,3,2,0
1304,510208157,0,1,1,4
1305,510208472,1,3,3,3
1306,510208516,3,0,0,1
1307,510208928,3,0,1,1
1308,510208936,1,3,0,3
1309,510209296,1,3,3,3
1310,510210979,3,0,0,1
1311,510214097,3,0,3,1
1312,510214347,0,1,3,4
1313,510214380,1,3,3,3
1314,510214474,3,0,1,1
1315,510214522,0,1,1,4
1316,510214999,0,1,1,4
1317,510215043,1,3,3,3
1318,510217771,3,0,3,4
1319,510217960,0,1,1,4
1320,510234591,1,3,1,3
1321,510237685,3,0,3,1
1322,510237883,1,3,2,0
1323,510238163,3,0,3,1
1324,510238826,1,3,0,3
1325,510239004,3,0,3,4
1326,510240287,1,3,0,0
1327,510246492,3,0,0,1
1328,510246580,0,1,3,4
1329,510246995,3,0,3,1
1330,510248471,3,0,1,1
1331,510248523,1,3,1,3
1332,510249703,3,0,3,4
1333,510251777,0,1,3,4
1334,510252378,1,3,3,3
1335,510252549,3,0,3,4
1336,510252868,0,1,3,4
1337,510253233,3,3,3,3
1338,510255115,2,4,1,2
1339,510255263,0,1,3,4
1340,510255752,2,4,1,2
1341,510256512,3,0,3,3
1342,510257633,1,3,0,3
1343,510257923,0,1,1,4
1344,510258192,0,1,3,4
1345,510258495,0,1,1,4
1346,510258565,1,3,0,3
1347,510258738,3,0,3,1
1348,510258860,1,3,0,0
1349,510259051,0,1,1,4
1350,510259663,1,3,1,3
1351,510259765,1,3,3,3
1352,510260344,3,0,1,1
1353,510260388,3,0,1,1
1354,510260457,3,0,1,4
1355,510260589,3,0,3,1
1356,510261115,0,1,1,4
1357,510261682,1,3,2,0
1358,510262187,1,3,1,0
1359,510264173,0,1,1,4
1360,510266341,3,0,3,1
1361,510268541,1,3,2,3
1362,510268817,1,3,4,0
1363,510271512,2,4,1,2
1364,510271515,4,2,1,2
1365,510271639,3,0,3,3
1366,510272032,3,0,1,1
1367,510272207,0,1,1,4
1368,510272533,0,1,3,4
1369,510272890,2,4,3,2
1370,510273161,0,1,3,4
1371,510273169,2,4,1,2
1372,510275473,0,1,1,4
1373,510275595,1,3,3,0
1374,510275852,0,1,1,4
1375,510275877,3,0,3,1
1376,510276043,0,1,3,4
1377,510278187,4,2,1,2
1378,510278410,3,0,3,1
1379,510278707,2,4,1,2
1380,510280442,0,1,1,4
1381,510281150,3,0,1,1
1382,510283786,3,0,3,1
1383,510285114,1,3,2,0
1384,510285629,3,0,0,4
1385,510287131,1,3,2,0
1386,510287174,3,0,1,1
1387,510287218,1,3,4,0
1388,510287597,2,4,1,2
1389,510287737,1,3,2,0
1390,510287933,2,4,1,2
1391,510289136,3,0,3,3
1392,510291974,1,3,0,3
1393,510293626,0,1,1,4
1394,510293893,3,0,1,1
1395,510294277,1,3,0,3
1396,510294624,3,0,1,1
1397,510294811,3,0,3,1
1398,510295114,3,0,3,3
1399,510295471,1,3,3,3
1400,510296086,1,3,2,0
1401,510296124,3,0,3,3
1402,510297397,1,3,3,3
1403,510297793,0,1,3,4
1404,510298874,3,0,3,1
1405,510301146,3,0,3,1
1406,510301850,3,0,3,1
1407,510301968,0,1,3,4
1408,510302000,3,0,3,1
1409,510302135,3,0,1,1
1410,510302645,1,3,0,3
1411,510302882,3,0,0,1
1412,510305972,1,3,2,0
1413,510307335,2,4,3,2
1414,510307774,1,3,0,3
1415,510308571,3,0,3,1
1416,510308575,3,0,3,1
1417,510308770,1,3,1,0
1418,510311202,2,4,3,2
1419,510312072,3,0,1,1
1420,510312104,3,0,0,1
1421,510313369,1,3,0,3
1422,510313821,1,3,2,3
1423,510315512,1,3,3,3
1424,510316817,2,4,1,2
1425,510317134,2,4,3,2
1426,510317262,3,0,1,1
1427,510318133,3,0,3,3
1428,510320113,1,3,2,3
1429,510323385,3,0,3,1
1430,510323796,3,0,0,1
1431,510325061,3,0,1,1
1432,510325605,1,3,4,0
1433,510326299,3,0,1,4
1434,510327468,1,3,2,3
1435,510328541,0,1,1,4
1436,510331030,0,1,3,4
1437,510331758,1,3,4,0
1438,510332198,3,0,3,1
1439,510334984,3,0,3,1
1440,510335435,1,3,0,3
1441,510338363,1,3,3,3
1442,510338375,0,1,3,4
1443,510338964,1,3,3,3
1444,510339030,3,0,3,1
1445,510339522,3,0,3,1
1446,510340053,1,3,0,0
1447,510341080,4,2,1,2
1448,510342081,3,0,1,1
1449,510342449,1,3,1,0
1450,510342496,1,3,0,3
1451,510343615,0,1,3,4
1452,510344277,3,0,3,1
1453,510344840,0,1,1,4
1454,510344887,2,4,3,2
1455,510345702,1,3,1,3
1456,510346077,3,0,3,1
1457,510346391,3,0,0,4
1458,510348399,1,3,4,0
1459,510348710,1,3,2,0
1460,510349226,1,3,3,3
1461,510349967,0,1,3,4
1462,510351534,1,3,0,3
1463,510351955,1,3,0,3
1464,510352181,3,0,0,1
1465,510352198,1,3,0,0
1466,510352227,2,4,1,2
1467,510353548,2,4,1,2
1468,510354858,3,0,3,1
1469,510356047,2,4,1,2
1470,510358374,3,0,1,1
1471,510360733,3,0,3,1
1472,510362428,1,3,0,3
1473,510362602,3,0,3,1
1474,510363052,3,0,1,1
1475,510366989,1,3,0,3
1476,510366992,1,3,1,3
1477,510369481,1,3,2,3
1478,510371258,1,3,2,0
1479,510372088,1,3,0,3
1480,510372236,2,4,3,2
1481,510372725,3,0,0,4
1482,510372802,1,3,0,3
1483,510374684,1,3,0,3
1484,510374926,1,3,2,0
1485,510375196,2,4,3,2
1486,510375729,1,3,0,3
1487,510376915,2,4,1,2
1488,510378012,2,4,1,2
1489,510378378,0,1,1,4
1490,510378526,4,2,1,2
1491,510382569,0,1,3,4
1492,510382917,3,0,1,1
1493,510382938,1,3,2,3
1494,510383926,1,3,3,0
1495,510384149,3,0,1,1
1496,510384788,3,0,0,1
1497,510385645,2,4,1,2
1498,510386244,3,0,1,4
1499,510386508,3,0,3,3
1500,510388461,0,1,1,4
1501,510389406,0,1,3,4
1502,510391649,3,0,0,1
1503,510392875,3,0,1,1
1504,510394943,1,3,3,0
1505,510395527,2,4,1,2
1506,510396439,1,3,1,3
1507,510398171,1,3,1,3
1508,510398613,3,0,1,1
1509,510400941,3,0,3,1
1510,510401637,3,0,1,1
1511,510401895,3,0,0,1
1512,510401943,1,3,2,0
1513,510402271,0,1,1,4
1514,510402988,1,3,3,3
1515,510403706,1,3,3,3
1516,510403718,2,4,1,2
1517,510406055,0,1,1,4
1518,510407135,0,1,1,4
1519,510407436,1,3,3,3
1520,510407644,3,0,3,1
1521,510408223,1,3,1,3
1522,510408657,1,3,4,0
1523,510408899,1,3,2,0
1524,510409384,3,0,3,1
1525,510409916,3,0,3,1
1526,510411891,3,0,3,1
1527,510413439,1,3,2,3
1528,510414369,3,0,3,1
1529,510416390,3,0,3,1
1530,510418204,1,3,2,3
1531,510419046,3,0,3,1
1532,510419210,1,3,2,3
1533,510419425,0,1,3,4
1534,510420050,1,3,0,3
1535,510422695,1,3,0,3
1536,510423098,0,1,3,4
1537,510423769,1,3,1,0
1538,510423886,0,1,1,4
1539,510424128,3,0,0,1
1540,510424219,1,3,0,3
1541,510424438,3,0,0,1
1542,510425280,3,0,3,1
1543,510427163,3,0,3,1
1544,510427258,1,3,4,0
1545,510427262,1,3,2,3
1546,510430451,3,0,0,1
1547,510432755,1,3,3,3
1548,510434360,0,1,3,4
1549,510435512,0,1,3,4
1550,510438332,1,3,2,3
1551,510438656,3,0,1,3
1552,510439930,0,1,1,4
1553,510440025,2,4,1,2
1554,510442228,3,0,3,1
1555,510442617,3,0,3,1
1556,510445852,1,3,1,3
1557,510446146,0,1,1,4
1558,510446864,3,0,3,1
1559,510446876,1,3,0,3
1560,510451897,1,3,3,3
1561,510452966,3,0,3,1
1562,510453366,1,3,0,0
1563,510453431,3,0,1,1
1564,510453740,1,3,0,3
1565,510453943,0,1,1,4
1566,510454997,1,3,0,3
1567,510457974,3,0,3,1
1568,510461141,3,0,1,1
1569,510462562,3,0,1,1
1570,510462615,3,0,3,1
1571,510463020,1,3,2,0
1572,510463768,1,3,2,0
1573,510464967,0,1,1,4
1574,510465554,3,0,0,3
1575,510465622,3,0,3,4
1576,510465668,0,1,1,4
1577,510466117,3,0,3,1
1578,510466172,2,4,1,2
1579,510467460,3,0,3,1
1580,510467928,0,1,1,4
1581,510468025,1,3,3,3
1582,510468149,3,0,3,1
1583,510468909,1,3,2,0
1584,510470626,1,3,2,0
1585,510474474,1,3,1,3
1586,510476043,1,3,0,3
1587,510476045,3,0,3,1
1588,510476923,2,4,1,2
1589,510477500,3,0,3,1
1590,510480565,0,1,1,4
1591,510482621,3,0,0,1
1592,510485604,1,3,3,3
1593,510489032,3,0,1,1
1594,510489429,3,0,3,1
1595,510489736,0,1,1,4
1596,510491480,0,1,1,4
1597,510492926,3,0,1,1
1598,510493958,1,3,0,3
1599,510494704,1,3,2,0
1600,510496372,0,1,3,4
1601,510496395,1,3,3,3
1602,510497136,3,0,3,3
1603,510498194,1,3,3,3
1604,510499162,1,3,0,3
1605,510501475,2,4,1,2
1606,510502803,1,3,2,0
1607,510504584,3,0,3,3
1608,510505329,0,1,3,4
1609,510505934,1,3,0,3
1610,510508435,3,0,0,1
1611,510510819,3,0,3,1
1612,510511710,3,0,3,1
1613,510515134,3,0,1,1
1614,510517382,1,3,2,3
1615,510518096,3,0,0,1
1616,510522528,3,0,1,1
1617,510522563,3,0,3,1
1618,510523150,1,3,4,0
1619,510523559,1,3,3,3
1620,510524028,3,0,1,4
1621,510525611,1,3,0,3
1622,510525855,3,0,0,1
1623,510527127,0,1,1,4
1624,510527912,1,3,2,0
1625,510528800,3,0,3,1
1626,510530059,1,3,0,3
1627,510530340,1,3,1,3
1628,510530470,3,0,3,1
1629,510530658,2,4,1,2
1630,510532275,0,1,1,4
1631,510533058,1,3,0,0
1632,510533167,2,4,1,2
1633,510533332,3,0,0,1
1634,510533620,3,0,3,1
1635,510534055,0,1,3,4
1636,510535104,3,0,3,1
1637,510535553,1,3,2,0
1638,510536201,3,0,3,1
1639,510537084,3,0,1,1
1640,510537680,1,3,2,0
1641,510539052,1,3,3,3
1642,510539105,1,3,2,0
1643,510540443,3,0,3,1
1644,510541100,1,3,3,3
1645,510542688,3,0,3,1
1646,510543134,1,3,3,3
1647,510543541,1,3,1,3
1648,510543791,3,0,3,1
1649,510544039,1,3,3,3
1650,510544170,1,3,2,0
1651,510544679,3,0,3,1
1652,510546066,1,3,4,0
1653,510546720,1,3,0,3
1654,510546974,1,3,0,3
1655,510548914,1,3,0,3
1656,510549428,0,1,1,4
1657,510550353,1,3,0,3
1658,510551034,1,3,2,0
1659,510552494,1,3,0,3
1660,510552795,3,0,3,4
1661,510555255,1,3,3,3
1662,510555687,3,0,3,1
1663,510556270,1,3,3,3
1664,510556539,3,0,1,1
1665,510556556,3,0,0,1
1666,510557235,3,0,3,3
1667,510557571,1,3,3,3
1668,510559661,1,3,3,3
1669,510559990,1,3,3,3
1670,510561065,1,3,3,3
1671,510562750,1,3,0,3
1672,510563819,3,0,0,4
1673,510564238,1,3,1,3
1674,510564674,1,3,3,3
1675,510565011,1,3,0,3
1676,510565376,3,0,3,1
1677,510565408,3,0,3,1
1678,510565532,1,3,3,3
1679,510566217,1,3,0,3
1680,510567283,1,3,1,0
1681,510567637,3,0,1,1
1682,510569274,3,0,3,1
1683,510569520,1,3,2,0
1684,510572470,1,3,3,3
1685,510572570,3,0,3,3
1686,510572831,3,0,1,1
1687,510573388,3,0,1,1
1688,510575130,3,0,3,1
1689,510575263,1,3,2,0
1690,510575277,0,1,1,4
1691,510576185,1,3,2,0
1692,510576621,3,0,1,1
1693,510576708,3,0,1,1
1694,510577940,3,0,0,3
1695,510580393,1,3,1,3
1696,510580654,3,0,1,1
1697,510581212,1,3,0,3
1698,510585033,3,0,1,1
1699,510585124,1,3,1,3
1700,510586860,0,1,1,4
1701,510587567,1,3,0,3
1702,510588795,1,3,0,3
1703,510588946,1,3,0,3
1704,510589040,3,0,3,4
1705,510590648,1,3,0,3
1706,510594615,1,3,3,3
1707,510595082,1,3,0,3
1708,510595093,1,3,2,0
1709,510595396,1,3,1,3
1710,510595741,1,3,2,0
1711,510598257,3,0,1,4
1712,510599286,1,3,0,3
1713,510600214,3,0,1,1
1714,510600905,1,3,2,0
1715,510601569,1,3,2,0
1716,510602908,1,3,3,3
1717,510604028,1,3,0,3
1718,510605130,1,3,3,3
1719,510606430,1,3,0,0
1720,510607623,3,0,3,3
1721,510607767,1,3,2,0
1722,510607943,3,0,1,1
1723,510609674,1,3,3,3
1724,510609708,1,3,1,3
1725,510609902,3,0,3,1
1726,510609987,1,3,0,0
1727,510610206,1,3,4,0
1728,510611050,3,0,3,1
1729,510611346,1,3,1,3
1730,510611899,3,0,1,1
1731,510611901,1,3,1,3
1732,510613214,1,3,1,3
1733,510613303,1,3,3,3
1734,510614528,1,3,1,3
1735,510615062,1,3,3,0
1736,510616596,1,3,1,3
1737,510617131,1,3,0,3
1738,510618575,1,3,3,3
1739,510619702,1,3,3,3
1740,510621106,1,3,0,3
1741,510621298,3,0,3,3
1742,510622712,1,3,0,0
1743,510622829,1,3,0,0
1744,510622893,1,3,1,0
1745,510625279,1,3,3,3
1746,510626114,1,3,1,3
1747,510627043,1,3,0,3
1748,510628902,1,3,2,0
1749,510629120,1,3,1,3
1750,510629682,1,3,1,0
1751,510632319,1,3,1,3
1752,510632491,1,3,1,3
1753,510632598,1,3,1,0
1754,510633445,3,0,1,1
1755,510633721,1,3,2,0
1756,510634434,1,3,4,0
1757,510635091,3,0,3,1
1758,510635567,1,3,3,3
1759,510636141,1,3,1,0
1760,510637381,1,3,1,0
1761,510638644,1,3,1,3
1762,510638954,1,3,4,0
1763,510640670,1,3,1,3
1764,510640951,1,3,3,3
1765,510642327,1,3,0,3
1766,510642723,3,0,1,1
1767,510642970,1,3,0,3
1768,510643022,1,3,1,0
1769,510643769,3,0,1,1
1770,510645004,1,3,3,3
1771,510645321,1,3,0,3
1772,510645411,3,0,1,1
1773,510649008,1,3,1,3
1774,510649082,1,3,3,3
1775,510649608,1,3,3,0
1776,510650231,0,1,1,4
1777,510652242,1,3,3,3
1778,510652644,3,0,1,1
1779,510654913,1,3,1,3
1780,510655230,3,0,1,1
1781,510655461,1,3,3,3
1782,510655488,3,0,3,1
1783,510656355,1,3,3,0
1784,510656462,1,3,1,3
1785,510656954,1,3,2,0
1786,510658224,1,3,3,3
1787,510659480,1,3,0,0
1788,510659931,3,0,1,1
1789,510661187,1,3,0,3
1790,510661253,3,0,3,1
1791,510662940,3,0,3,3
1792,510663402,1,3,0,3
1793,510664246,1,3,3,3
1794,510665522,1,3,1,3
1795,510665724,1,3,1,0
1796,510666177,1,3,3,3
1797,510666546,3,0,1,1
1798,510667090,1,3,2,0
1799,510667533,1,3,1,3
1800,510668055,1,3,0,3
1801,510668843,1,3,2,0
1802,510669537,1,3,3,3
1803,510669542,1,3,3,3
1804,510669715,1,3,1,3
1805,510669864,1,3,3,3
1806,510670906,1,3,1,3
1807,510671509,1,3,2,0
1808,510672189,1,3,3,3
1809,510672565,1,3,1,3
1810,510672747,0,1,1,4
1811,510672923,3,0,3,3
1812,510672996,1,3,1,3
1813,510673113,1,3,2,0
1814,510673460,1,3,0,0
1815,510674798,1,3,3,0
1816,510675656,3,0,1,1
1817,510675956,1,3,3,3
1818,510676164,1,3,0,3
1819,510676235,1,3,1,3
1820,510676726,1,3,1,3
1821,510676808,3,0,1,1
1822,510677050,1,3,0,0
1823,510677772,1,3,3,3
1824,510678935,1,3,3,3
1825,510679226,1,3,3,3
1826,510682896,3,0,1,1
1827,510683788,1,3,2,0
1828,510683809,1,3,1,3
1829,510683986,1,3,0,3
1830,510685302,1,3,3,3
1831,510685472,1,3,2,0
1832,510686090,1,3,3,3
1833,510686408,1,3,0,0
1834,510688576,1,3,4,0
1835,510688653,1,3,0,0
1836,510690040,3,0,1,1
1837,510690475,1,3,1,3
1838,510690532,1,3,3,3
1839,510691807,1,3,2,0
1840,510693017,1,3,3,3
1841,510693808,1,3,3,3
1842,510693893,1,3,1,3
1843,510694234,3,0,1,1
1844,510695015,1,3,0,0
1845,510695093,1,3,3,3
1846,510695143,1,3,2,0
1847,510695872,1,3,0,0
1848,510695890,1,3,3,3
1849,510696046,1,3,3,0
1850,510697618,1,3,1,3
1851,510697794,1,3,0,0
1852,510698074,1,3,1,3
1853,510699251,1,3,3,3
1854,510699253,1,3,0,0
1855,510699715,1,3,1,3
1856,510700200,1,3,1,3
1857,510700291,1,3,2,0
1858,510700761,1,3,3,3
1859,510701077,1,3,3,0
1860,510701787,1,3,0,0
1861,510701971,3,0,1,1
1862,510702126,3,0,1,1
1863,510702910,1,3,3,0
1864,510703084,1,3,3,3
1865,510704625,3,0,1,1
1866,510704722,1,3,0,0
1867,510705168,3,0,1,1
1868,510712292,1,3,3,3
1869,510712298,1,3,2,0
1870,510712736,1,3,0,0
1871,510712800,1,3,1,0
1872,510714045,1,3,3,3
1873,510723778,1,3,3,3
1874,510724051,1,3,3,3
1875,510724107,1,3,0,0
1876,510724248,1,3,1,3
1877,510725567,1,3,1,3
1878,510727719,1,3,0,0
1879,510728334,1,3,3,0
1880,510731754,1,3,3,3
1881,510732285,1,3,0,0
1882,510732292,1,3,4,0
1883,510732381,1,3,1,0
1884,510732386,1,3,3,3
1885,510732478,1,3,1,0
1886,510736255,1,3,3,3
1887,510737779,1,3,0,0
1888,510741127,1,3,1,0
1889,510741945,1,3,2,0
1890,510742605,1,3,1,3
1891,510744019,1,3,1,0
1892,510745164,1,3,3,0
1893,510745379,1,3,0,0
1894,510745771,1,3,0,0
1895,510746667,1,3,3,0
1896,510746899,1,3,0,0
1897,510747533,1,3,4,0
1898,510747857,1,3,3,0
1899,510747898,1,3,3,3
1900,510748388,1,3,0,0
1901,510749833,1,3,1,0
1902,510750161,1,3,0,0
1903,510752202,1,3,0,0
1904,510752748,1,3,3,0
1905,510752971,1,3,0,0
1906,510753471,1,3,3,0
1907,510753576,1,3,1,0
1908,510753848,1,3,3,0
1909,510754668,1,3,3,0
1910,510754822,1,3,3,0
1911,510757292,1,3,3,3
1912,510757921,1,3,3,3
1913,510758166,1,3,0,0
1914,510758529,1,3,0,0
1915,510758682,1,3,3,0
1916,510759165,1,3,1,3
1917,510759630,1,3,3,0
1918,510760478,1,3,3,0
1919,510760749,1,3,1,3
1920,510761335,1,3,2,0
1921,510763123,1,3,0,0
1922,510763141,1,3,0,0
1923,510763168,1,3,0,0
1924,510763190,1,3,2,0
1925,510764026,1,3,1,3
1926,510764476,1,3,1,0
1927,510765506,1,3,3,3
1928,510766283,1,3,1,0
1929,510766660,1,3,3,3
1930,510767085,1,3,0,0
1931,510767623,1,3,0,0
1932,510770241,1,3,0,0
1933,510771444,1,3,0,0
1934,510772220,1,3,1,0
1935,510773201,1,3,3,0
1936,510774620,1,3,1,0
1937,510775118,1,3,1,3
1938,510775996,1,3,0,0
1939,510776089,1,3,1,0
1940,510777635,1,3,3,0
1941,510779278,1,3,3,0
1942,510779281,1,3,3,0
1943,510780352,1,3,0,0
1944,510780600,1,3,1,0
1945,510781660,1,3,1,0
1946,510783257,1,3,2,0
1947,510785005,1,3,0,0
1948,510785071,1,3,3,0
1949,510786120,1,3,1,0
1950,510786517,1,3,3,0
1951,510787472,1,3,1,0
1952,510788238,1,3,3,0
1953,510788388,1,3,3,0
1954,510790337,1,3,1,0
1955,510790394,1,3,1,0
1956,510791078,1,3,2,0
1957,510791292,1,3,3,0
1958,510794396,1,3,1,0
1959,510795583,1,3,0,0
1960,510797075,1,3,0,0
1961,510797076,1,3,3,0
1962,510797092,1,3,1,0
1963,510797567,1,3,3,0
1964,510797856,1,3,0,0
1965,510798751,1,3,0,0
1966,510799535,1,3,0,0
1967,510801180,1,3,2,0
1968,510802348,1,3,3,0
1969,510803208,1,3,3,0
1970,510804162,1,3,0,0
1971,510804478,1,3,0,0
1972,510804650,1,3,1,0
1973,510805069,1,3,1,0
1974,510805312,1,3,0,0
1975,510807882,1,3,0,0
1976,510808188,1,3,0,0
1977,510809093,1,3,1,0
1978,510810402,1,3,3,0
1979,510810566,1,3,1,0
1980,510810947,1,3,1,0
1981,510811685,1,3,0,0
1982,510813930,1,3,3,0
1983,510814953,1,3,1,0
1984,510815357,1,3,0,0
1985,510816681,1,3,3,0
1986,510817066,1,3,3,0
1987,510818722,1,3,3,0
1988,510820066,1,3,1,0
1989,510820586,1,3,1,0
1990,510821019,1,3,0,0
1991,510821102,1,3,1,0
1992,510821474,1,3,1,0
1993,510823650,1,3,0,0
1994,510823880,1,3,1,0
1995,510824167,1,3,0,0
1996,510825031,1,3,1,0
1997,510825294,1,3,3,0
1998,510826372,1,3,3,0
1999,510826627,1,3,1,0
2000,510827777,1,3,0,0
2001,510827868,1,3,1,0
2002,510828273,1,3,0,0
2003,510828548,1,3,1,0
2004,510829414,1,3,2,0
2005,510829576,1,3,2,0
2006,510829638,1,3,1,0
2007,510829642,1,3,2,0
2008,510830647,1,3,2,0
2009,510831125,1,3,1,0
2010,510831157,1,3,1,0
2011,510831510,1,3,1,0
2012,510831672,1,3,1,0
2013,510833201,1,3,3,0
2014,510833309,1,3,4,0
2015,510835211,1,3,0,0
2016,510835367,1,3,1,0
2017,510836283,1,3,1,0
2018,510836643,1,3,1,0
2019,510837535,1,3,0,0
2020,510837791,1,3,2,0
2021,510837907,1,3,1,0
2022,510838634,1,3,4,0
2023,510838861,1,3,0,0
2024,510839053,1,3,1,0
